x,y,theta,theta_degree,v,omega
0.014104027301073074,-0.028881127014756203,-1.170620012785847,-67.0715861461795,0.49999999999999994,0.5
0.014113886281847954,-0.028904438018798828,-1.1707630425240148,-67.07978114652137,0.5,0.5
0.014113886281847954,-0.028904438018798828,-1.170657869893534,-67.07375519867453,0.5,0.5
0.014400043524801731,-0.0295803714543581,-1.1699880827201288,-67.03537922046642,0.49999999999999994,0.5
0.014400043524801731,-0.0295803714543581,-1.1699880827201288,-67.03537922046642,0.5,0.5
0.015379918739199638,-0.031886596232652664,-1.1680611430139043,-66.92497370792358,0.5,0.5
0.018026987090706825,-0.038049496710300446,-1.162151458057033,-66.5863737016429,0.5,0.5
0.020145969465374947,-0.042896486818790436,-1.1551659998972745,-66.18613643112351,0.5,0.5
0.02303876169025898,-0.0493939183652401,-1.148681532841261,-65.81460383642232,0.5,0.5
0.02303876169025898,-0.0493939183652401,-1.148681532841261,-65.81460383642232,0.5,0.5
0.025607796385884285,-0.055065643042325974,-1.142294296562745,-65.4486421549105,0.5,0.5
0.028875092044472694,-0.062143608927726746,-1.1343563444342801,-64.99383099997259,0.5,0.5
0.03155606985092163,-0.06784730404615402,-1.1284451117003964,-64.65514231260147,0.5,0.5
0.03525453060865402,-0.07553347200155258,-1.1161843260959907,-63.95265104395426,0.5,0.5
0.038233432918787,-0.08157123625278473,-1.1087357019193902,-63.525876315455946,0.5,0.5
0.038233432918787,-0.08157123625278473,-1.1087357019193902,-63.525876315455946,0.5,0.5
0.04295723885297775,-0.09089633077383041,-1.0950786458595423,-62.7433846426531,0.5,0.5
0.04603995382785797,-0.0968247577548027,-1.0874934033091643,-62.30878225793339,0.5,0.5
0.051129747182130814,-0.10635888576507568,-1.0733800510463927,-61.50014673849516,0.5,0.5
0.051129747182130814,-0.10635888576507568,-1.0733800510463927,-61.50014673849516,0.49999999999999994,0.5
0.05425535514950752,-0.11206358671188354,-1.0657527576643864,-61.06313501859814,0.5,0.5
0.05981874093413353,-0.12200222164392471,-1.055207660922568,-60.45894548073479,0.5,0.5
0.05981874093413353,-0.12200222164392471,-1.055207660922568,-60.45894548073479,0.5,0.5
0.06304681301116943,-0.12764957547187805,-1.0478215908085018,-60.03575483601109,0.49999999999999994,0.5
0.06900577247142792,-0.13779902458190918,-1.0319778615413633,-59.127976017256145,0.5,0.5
0.06900577247142792,-0.13779902458190918,-1.0319778615413633,-59.127976017256145,0.5,0.5
0.0724068284034729,-0.14343279600143433,-1.0233578556217764,-58.63408605868603,0.5,0.5
0.07783301174640656,-0.15218929946422577,-1.0087141676993414,-57.79506454422381,0.5,0.5
0.08139941841363907,-0.1578100174665451,-1.002059594869137,-57.41378560659068,0.5,0.5
0.08139941841363907,-0.1578100174665451,-1.002059594869137,-57.41378560659068,0.5,0.5
0.08724166452884674,-0.166781947016716,-0.9851396227899519,-56.444342616974176,0.5,0.5
0.09089861810207367,-0.1722530871629715,-0.9780391464942091,-56.037515292695424,0.49999999999999994,0.5
0.09089861810207367,-0.1722530871629715,-0.9780391464942091,-56.037515292695424,0.5,0.5
0.09735499322414398,-0.18169759213924408,-0.9642686205232068,-55.24852227288171,0.5,0.5
0.10120224207639694,-0.18719185888767242,-0.9555628291791911,-54.749717171548085,0.5,0.5
0.10540761798620224,-0.19308386743068695,-0.9462514947466713,-54.21621700692985,0.5,0.5
0.10924564301967621,-0.19836710393428802,-0.9388204866098808,-53.790451603164385,0.5,0.5
0.11357996612787247,-0.2042279988527298,-0.9292361487991916,-53.24130949718424,0.5,0.5
0.11744508147239685,-0.20936529338359833,-0.9223326639981513,-52.845768954151914,0.5,0.5
0.11744508147239685,-0.20936529338359833,-0.9223326639981513,-52.845768954151914,0.5,0.5
0.12450600415468216,-0.21855902671813965,-0.9093974962674743,-52.104638435890315,0.49999999999999994,0.5
0.1285029500722885,-0.22365890443325043,-0.9027082704657012,-51.7213740292387,0.5,0.5
0.1285029500722885,-0.22365890443325043,-0.9027082704657012,-51.7213740292387,0.5,0.5
0.13570420444011688,-0.23267844319343567,-0.8913486164637137,-51.07051379819592,0.5,0.5
0.139809250831604,-0.2377243936061859,-0.8843666878903544,-50.67047875808064,0.49999999999999994,0.5
0.139809250831604,-0.2377243936061859,-0.8843666878903544,-50.67047875808064,0.5,0.5
0.14726662635803223,-0.2466985285282135,-0.8705242132391506,-49.87736338254983,0.5,0.5
0.15152840316295624,-0.2517128884792328,-0.8621834007897475,-49.39947003148886,0.5,0.5
0.15919595956802368,-0.2605416774749756,-0.8491674907611326,-48.65371332032723,0.5,0.5
0.15919595956802368,-0.2605416774749756,-0.8491674907611326,-48.65371332032723,0.5,0.5
0.1635412722826004,-0.2654500901699066,-0.8431810619794212,-48.31071621677952,0.5,0.5
0.17088210582733154,-0.2735878825187683,-0.8304988963721608,-47.58408165239753,0.5,0.5
0.17088210582733154,-0.2735878825187683,-0.8304988963721608,-47.58408165239753,0.5,0.5
0.17539049685001373,-0.2784854471683502,-0.8230000388606286,-47.15442876581676,0.5,0.5
0.18077506124973297,-0.28422731161117554,-0.8120005937982537,-46.52420698675667,0.49999999999999994,0.5
0.1853746771812439,-0.2890393137931824,-0.8039181231930463,-46.06111553303973,0.5,0.5
0.19093766808509827,-0.2947506904602051,-0.7931964560653095,-45.446809257276264,0.5,0.5
0.1955357789993286,-0.29938754439353943,-0.7859868302527472,-45.03372812634787,0.5,0.5
0.20101888477802277,-0.3048216998577118,-0.775843975843098,-44.45258537645931,0.49999999999999994,0.5
0.20566298067569733,-0.3093401789665222,-0.7675372437976159,-43.97664468870711,0.49999999999999994,0.5
0.20566298067569733,-0.3093401789665222,-0.7675372437976159,-43.97664468870711,0.5,0.5
0.2157077193260193,-0.31886813044548035,-0.7496518754889505,-42.95188856958355,0.5,0.5
0.2157077193260193,-0.31886813044548035,-0.7496518754889505,-42.95188856958355,0.5,0.5
0.22061724960803986,-0.3234008848667145,-0.7413840180902441,-42.478175235021666,0.5,0.5
0.22641924023628235,-0.32864540815353394,-0.7285653486220258,-41.74371957551955,0.49999999999999994,0.5
0.23140369355678558,-0.33305755257606506,-0.7205690247169988,-41.28556396414193,0.5,0.5
0.23600031435489655,-0.33706748485565186,-0.7141020184217614,-40.91503179734029,0.49999999999999994,0.5
0.24100279808044434,-0.34138205647468567,-0.7092943092161592,-40.639570350733095,0.5,0.5
0.24606798589229584,-0.34570127725601196,-0.7028558134426783,-40.27067171649982,0.49999999999999994,0.5
0.2518797218799591,-0.3505880534648895,-0.6954568499084588,-39.84674233321784,0.5,0.5
0.25690728425979614,-0.35475537180900574,-0.688766636417443,-39.46342133614115,0.5,0.5
0.2625172734260559,-0.3593302071094513,-0.6794534027604201,-38.92981235397455,0.5,0.5
0.2625172734260559,-0.3593302071094513,-0.6794534027604201,-38.92981235397455,0.5,0.5
0.26767244935035706,-0.36346113681793213,-0.671634805556705,-38.481839732488886,0.5,0.5
0.2756320536136627,-0.3697177767753601,-0.660715202861462,-37.85619258409179,0.5,0.5
0.28070294857025146,-0.37362828850746155,-0.6531108440891242,-37.42049492053355,0.5,0.5
0.28699660301208496,-0.3783981204032898,-0.6439380392103418,-36.8949319146823,0.49999999999999994,0.5
0.29220902919769287,-0.3822896182537079,-0.638679734148814,-36.59365322726448,0.5,0.5
0.29220902919769287,-0.3822896182537079,-0.638679734148814,-36.59365322726448,0.5,0.5
0.3014887869358063,-0.38906681537628174,-0.6228970851922188,-35.68937405251502,0.5,0.5
0.3069114685058594,-0.3929276764392853,-0.6145503899897897,-35.21114364453375,0.5,0.5
0.3069114685058594,-0.3929276764392853,-0.6145503899897897,-35.21114364453375,0.5,0.5
0.31636306643486023,-0.39950746297836304,-0.6017327387198189,-34.47674632349392,0.49999999999999994,0.5
0.32182496786117554,-0.4032233655452728,-0.593072157950552,-33.98053159728276,0.49999999999999994,0.5
0.3288704752922058,-0.40794092416763306,-0.5869664972773156,-33.63070300956731,0.5,0.5
0.3288704752922058,-0.40794092416763306,-0.5869664972773156,-33.63070300956731,0.5,0.5
0.3343862295150757,-0.41157644987106323,-0.5785501968725847,-33.148484517261984,0.49999999999999994,0.5
0.3440616726875305,-0.4178224503993988,-0.5679346358551209,-32.540257673797704,0.5,0.5
0.3440616726875305,-0.4178224503993988,-0.5679346358551209,-32.540257673797704,0.5,0.5
0.3497091233730316,-0.4213939607143402,-0.5598850332815246,-32.07904941957299,0.5,0.5
0.36012548208236694,-0.4277932941913605,-0.5419274951257269,-31.050158272800644,0.5,0.5
0.3657999634742737,-0.43117570877075195,-0.5331326789547911,-30.546252424612614,0.49999999999999994,0.5
0.3657999634742737,-0.43117570877075195,-0.5331326789547911,-30.546252424612614,0.49999999999999994,0.5
0.37635868787765503,-0.43728670477867126,-0.5154731262492558,-29.53443458649661,0.5,0.5
0.37635868787765503,-0.43728670477867126,-0.5154731262492558,-29.53443458649661,0.5,0.5
0.3820978105068207,-0.44050681591033936,-0.4956144111577776,-28.396614025202155,0.49999999999999994,0.5
0.3887786567211151,-0.4441685378551483,-0.4956144111577776,-28.396614025202155,0.5,0.5
0.3946031928062439,-0.4472854733467102,-0.4871128268427942,-27.909509124778985,0.5,0.5
0.4021904170513153,-0.4512379765510559,-0.4734047020070369,-27.124091426651624,0.5,0.5
0.4081284701824188,-0.45424652099609375,-0.46450626686591073,-26.6142486487942,0.5,0.5
0.4081284701824188,-0.45424652099609375,-0.46450626686591073,-26.6142486487942,0.5,0.5
0.4183429479598999,-0.4592856168746948,-0.4520855574602559,-25.90259442129173,0.5,0.5
0.424226850271225,-0.4621180593967438,-0.44521540427852857,-25.508963639370382,0.5,0.5
0.4300149381160736,-0.46485742926597595,-0.4388698909573188,-25.145392507221022,0.5,0.5
0.43575072288513184,-0.4675295650959015,-0.43308056504354475,-24.813688566136047,0.5,0.5
0.44157207012176514,-0.47019755840301514,-0.4264089568014121,-24.431433571297152,0.5,0.5
0.4484725892543793,-0.4733049273490906,-0.41980908611630535,-24.053288835708422,0.49999999999999994,0.5
0.45458415150642395,-0.4760064482688904,-0.4126071139004303,-23.6406462235683,0.5,0.5
0.4620627164840698,-0.47924596071243286,-0.4049397299961856,-23.20133748594854,0.5,0.5
0.4620627164840698,-0.47924596071243286,-0.4049397299961856,-23.20133748594854,0.49999999999999994,0.5
0.4681449234485626,-0.4818241596221924,-0.39692004048813095,-22.74184312413166,0.5,0.5
0.47901540994644165,-0.48626914620399475,-0.3793990706518198,-21.73796549953501,0.5,0.5
0.47901540994644165,-0.48626914620399475,-0.3793990706518198,-21.73796549953501,0.5,0.5
0.4850679934024811,-0.4886522889137268,-0.370793646973355,-21.24491104183703,0.5,0.5
0.4956408143043518,-0.4926795959472656,-0.35709493408384857,-20.460032608506854,0.5,0.5
0.4956408143043518,-0.4926795959472656,-0.35709493408384857,-20.460032608506854,0.5,0.5
0.5017907023429871,-0.4949495494365692,-0.3500897790682218,-20.05866679127654,0.49999999999999994,0.5
0.5097264051437378,-0.4977891445159912,-0.33716650603327575,-19.318217788878908,0.5,0.5
0.5160651206970215,-0.4999820590019226,-0.32896519816414227,-18.84831746149013,0.49999999999999994,0.5
0.5236750245094299,-0.5025249123573303,-0.31600301479807624,-18.10563906133987,0.5,0.5
0.5300607681274414,-0.5045768618583679,-0.30582558882789035,-17.522515506941378,0.5,0.5
0.5300607681274414,-0.5045768618583679,-0.30582558882789035,-17.522515506941378,0.49999999999999994,0.5
0.5403646230697632,-0.5077531933784485,-0.29222148523554337,-16.743057787041135,0.5,0.5
0.5466733574867249,-0.5096256732940674,-0.28482501697142704,-16.319271372204813,0.5,0.5
0.5549464821815491,-0.5119947195053101,-0.2729620378706576,-15.639572737278824,0.5,0.5
0.5613402724266052,-0.5137539505958557,-0.26404290295249216,-15.128543949560184,0.5,0.5
0.5613402724266052,-0.5137539505958557,-0.26404290295249216,-15.128543949560184,0.5,0.5
0.5720622539520264,-0.5165717601776123,-0.24994689018447389,-14.320901909990216,0.5,0.5
0.5783459544181824,-0.5181528329849243,-0.24304228015305504,-13.925296896006225,0.5,0.5
0.5846920013427734,-0.519692599773407,-0.23302675193371572,-13.351449399443906,0.5,0.5
0.5914719700813293,-0.5212673544883728,-0.2234137106842549,-12.800662707564632,0.49999999999999994,0.5
0.5976985692977905,-0.5226500630378723,-0.21361917871755276,-12.23947736356663,0.5,0.5
0.605647087097168,-0.5243329405784607,-0.20365833682754741,-11.66876316287221,0.5,0.5
0.605647087097168,-0.5243329405784607,-0.20365833682754741,-11.66876316287221,0.5,0.5
0.6119477152824402,-0.5256107449531555,-0.19651526500684963,-11.2594952947874,0.5,0.5
0.6235803961753845,-0.5278454422950745,-0.18306523518821,-10.488865351854239,0.5,0.5
0.6235803961753845,-0.5278454422950745,-0.18306523518821,-10.488865351854239,0.5,0.5
0.6300065517425537,-0.5290061235427856,-0.17432266651041312,-9.98795306451321,0.5,0.5
0.6415603756904602,-0.5309658646583557,-0.1617187345556773,-9.265800958236774,0.5,0.5
0.6480342149734497,-0.5319973230361938,-0.15427713621989236,-8.83942878076472,0.5,0.5
0.6480342149734497,-0.5319973230361938,-0.15427713621989236,-8.83942878076472,0.49999999999999994,0.5
0.6594009399414062,-0.5336829423904419,-0.1401597869106329,-8.030564247432226,0.5,0.5
0.6658953428268433,-0.5345755219459534,-0.1330036460957644,-7.62054758113895,0.5,0.5
0.6658953428268433,-0.5345755219459534,-0.1330036460957644,-7.62054758113895,0.5,0.5
0.6772703528404236,-0.5360149145126343,-0.11873674536261117,-6.80311438239717,0.5,0.5
0.6839087605476379,-0.5367769598960876,-0.10984307313362143,-6.2935444993033505,0.5,0.5
0.6920397877693176,-0.537627100944519,-0.09851617184082846,-5.644560860265037,0.5,0.5
0.6986168026924133,-0.5382460951805115,-0.08916890357355459,-5.109001838573682,0.49999999999999994,0.5
0.6986168026924133,-0.5382460951805115,-0.08916890357355459,-5.109001838573682,0.49999999999999994,0.5
0.7117611169815063,-0.5393030047416687,-0.07189732807788231,-4.119413457130087,0.5,0.5
0.7117611169815063,-0.5393030047416687,-0.07189732807788231,-4.119413457130087,0.49999999999999994,0.5
0.7182257771492004,-0.5397418737411499,-0.06366771532792599,-3.6478913795305394,0.49999999999999994,0.5
0.7278280854225159,-0.5402920842170715,-0.05081057620574211,-2.9112315712168666,0.5,0.5
0.7278280854225159,-0.5402920842170715,-0.05081057620574211,-2.9112315712168666,0.5,0.5
0.7419129610061646,-0.5408994555473328,-0.03528821559316852,-2.021865820036297,0.49999999999999994,0.5
0.7485665082931519,-0.5411051511764526,-0.026515602414648693,-1.5192321096062649,0.49999999999999994,0.5
0.7485665082931519,-0.5411051511764526,-0.026515602414648693,-1.5192321096062649,0.5,0.5
0.7613713145256042,-0.5413492918014526,-0.011580646315682492,-0.6635221579223333,0.5,0.5
0.7613713145256042,-0.5413492918014526,-0.011580646315682492,-0.6635221579223333,0.49999999999999994,0.5
0.7679012417793274,-0.541405439376831,-0.005617201205314361,-0.3218419217403119,0.5,0.5
0.7781520485877991,-0.5414100289344788,0.004717052259939786,0.27026718623719664,0.5,0.5
0.7845554351806641,-0.5413585305213928,0.011376201707352514,0.6518083447208203,0.5,0.5
0.7906799912452698,-0.5412712097167969,0.01714223537975902,0.9821777386800319,0.5,0.5
0.797234058380127,-0.5411348342895508,0.024461210800723263,1.401524140661268,0.5,0.5
0.797234058380127,-0.5411348342895508,0.024461210800723263,1.401524140661268,0.5,0.5
0.8112733960151672,-0.5406611561775208,0.0421037082061456,2.412364782062473,0.5,0.5
0.8112733960151672,-0.5406611561775208,0.0421037082061456,2.412364782062473,0.5,0.5
0.8264145255088806,-0.5398856997489929,0.0587523605009372,3.3662622931348247,0.5,0.5
0.8264145255088806,-0.5398856997489929,0.0587523605009372,3.3662622931348247,0.49999999999999994,0.5
0.8328813910484314,-0.5394811034202576,0.06621557059677571,3.793872733245798,0.5,0.5
0.8388907313346863,-0.539061963558197,0.07304614596111793,4.185235873268642,0.5,0.5
0.8459306359291077,-0.5385079979896545,0.08401638433735269,4.8137842324793425,0.49999999999999994,0.5
0.8525617718696594,-0.5379248261451721,0.0914266750622038,5.238362615978251,0.5,0.5
0.8608997464179993,-0.5371085405349731,0.10374731130053845,5.944283073350765,0.5,0.5
0.8675678968429565,-0.5363845229148865,0.11255496761099941,6.448924607341945,0.5,0.5
0.8675678968429565,-0.5363845229148865,0.11255496761099941,6.448924607341945,0.5,0.5
0.881588876247406,-0.5346880555152893,0.12899405205036998,7.390814764777064,0.5,0.5
0.881588876247406,-0.5346880555152893,0.12899405205036998,7.390814764777064,0.5,0.5
0.8881866931915283,-0.5338046550750732,0.1372098418307136,7.861544844557467,0.5,0.5
0.8941769599914551,-0.532961905002594,0.1423328518661454,8.155071697990874,0.49999999999999994,0.5
0.9007123708724976,-0.5319982171058655,0.15047842375975146,8.621778589214887,0.5,0.5
0.9073150753974915,-0.5309715270996094,0.1580396257387267,9.055003550656135,0.49999999999999994,0.5
0.9153573513031006,-0.5296504497528076,0.16758161859835768,9.601719469656958,0.5,0.5
0.9219149947166443,-0.5285062193870544,0.1779192109450351,10.194019881448314,0.49999999999999994,0.5
0.9278384447097778,-0.5274103879928589,0.18793326835203736,10.767783106671265,0.5,0.5
0.9341235160827637,-0.5261840224266052,0.19747585229991366,11.314532892533864,0.49999999999999994,0.5
0.9400264024734497,-0.5249825119972229,0.2041261690156852,11.695567972772876,0.5,0.5
0.9483202695846558,-0.5232200622558594,0.2146487846628541,12.298469438793974,0.5,0.5
0.9546461701393127,-0.5218173265457153,0.22177785946086506,12.706935336553084,0.5,0.5
0.9546461701393127,-0.5218173265457153,0.22177785946086506,12.706935336553084,0.5,0.5
0.966972827911377,-0.5189522504806519,0.23594492092596295,13.518648166605617,0.5,0.5
0.966972827911377,-0.5189522504806519,0.23594492092596295,13.518648166605617,0.5,0.5
0.9811674952507019,-0.5154122710227966,0.2521257851329756,14.44574339454174,0.5,0.5
0.9811674952507019,-0.5154122710227966,0.2521257851329756,14.44574339454174,0.5,0.5
0.9875110983848572,-0.513759195804596,0.25770800714575964,14.76558115617929,0.5,0.5
0.9933813810348511,-0.5121971964836121,0.26240556661391246,15.034731487716163,0.5,0.5
0.9993407130241394,-0.5105763077735901,0.2687296129242592,15.397072650744311,0.5,0.5
1.0057274103164673,-0.5087916254997253,0.27624649681736735,15.827758372909278,0.49999999999999994,0.5
1.0140479803085327,-0.5064043998718262,0.28255410245824997,16.189157554964762,0.5,0.5
1.0203367471694946,-0.5045537352561951,0.2898482730696667,16.6070827460473,0.5,0.5
1.0261759757995605,-0.5027897953987122,0.296893164884308,17.010725314152506,0.5,0.5
1.0325781106948853,-0.5007895231246948,0.30876273207767024,17.690801418979106,0.49999999999999994,0.5
1.0325781106948853,-0.5007895231246948,0.30876273207767024,17.690801418979106,0.49999999999999994,0.5
1.0460338592529297,-0.49633559584617615,0.3300808177752844,18.9122377567506,0.49999999999999994,0.5
1.0460338592529297,-0.49633559584617615,0.3300808177752844,18.9122377567506,0.49999999999999994,0.5
1.059232473373413,-0.4916769862174988,0.34774023359349077,19.92404775180039,0.5,0.5
1.059232473373413,-0.4916769862174988,0.34774023359349077,19.92404775180039,0.5,0.5
1.0653388500213623,-0.4894353449344635,0.3559102382899149,20.392154539507555,0.5,0.5
1.0709298849105835,-0.48733261227607727,0.36355109146496234,20.829943178316906,0.5,0.5
1.0778015851974487,-0.4846814274787903,0.3728771857210796,21.364289018533626,0.49999999999999994,0.5
1.0839442014694214,-0.4822506308555603,0.38076204346619613,21.81605808938984,0.5,0.5
1.0906744003295898,-0.4795169234275818,0.39089947136123465,22.396889922893738,0.5,0.5
1.096817970275879,-0.47695401310920715,0.399544994169888,22.892241891513663,0.49999999999999994,0.5
1.1028231382369995,-0.47438883781433105,0.407851739242514,23.368183325666227,0.49999999999999994,0.5
1.1085973978042603,-0.4718635678291321,0.4166824153135001,23.8741437947809,0.5,0.5
1.1146495342254639,-0.46915313601493835,0.42543786757188784,24.3757942569148,0.5,0.5
1.1211339235305786,-0.46617016196250916,0.4368780114412414,25.031266217651222,0.5,0.5
1.1271542310714722,-0.46332985162734985,0.4447714569113819,25.483527328906934,0.5,0.5
1.1271542310714722,-0.46332985162734985,0.4447714569113819,25.483527328906934,0.5,0.5
1.1398440599441528,-0.45713043212890625,0.4629378886218178,26.524387194727534,0.5,0.5
1.1398440599441528,-0.45713043212890625,0.4629378886218178,26.524387194727534,0.5,0.5
1.1457175016403198,-0.4541623890399933,0.4728705255081161,27.09348536774839,0.5,0.5
1.1554006338119507,-0.4491383731365204,0.4843401404814052,27.750645898357913,0.5,0.5
1.1554006338119507,-0.4491383731365204,0.4843401404814052,27.750645898357913,0.5,0.5
1.1610593795776367,-0.4461408853530884,0.48992222647995043,28.070475866953622,0.49999999999999994,0.5
1.1720329523086548,-0.4402006268501282,0.5023973562690336,28.785248152746014,0.5,0.5
1.1720329523086548,-0.4402006268501282,0.5023973562690336,28.785248152746014,0.5,0.5
1.1775250434875488,-0.4371612071990967,0.5085260382412573,29.13639576373235,0.5,0.5
1.1871095895767212,-0.4317428171634674,0.5205370416033427,29.824575564097284,0.5,0.5
1.1927083730697632,-0.42853179574012756,0.5209101730771466,29.84595442274974,0.5,0.5
1.1927083730697632,-0.42853179574012756,0.5209101730771466,29.84595442274974,0.5,0.5
1.2024849653244019,-0.4228377640247345,0.533869775741259,30.588484959569882,0.5,0.5
1.2082017660140991,-0.41942739486694336,0.5418959404524163,31.048350323196033,0.5,0.5
1.2082017660140991,-0.41942739486694336,0.5418959404524163,31.048350323196033,0.5,0.5
1.218344807624817,-0.413211852312088,0.5576382407793927,31.950317691759196,0.5,0.5
1.2239383459091187,-0.4096972644329071,0.564332530216666,32.33387222335396,0.5,0.5
1.2331119775772095,-0.40379399061203003,0.5792549398118332,33.188863313322564,0.5,0.5
1.2331119775772095,-0.40379399061203003,0.5792549398118332,33.188863313322564,0.5,0.5
1.2385615110397339,-0.4001959264278412,0.5878448885583094,33.681031122729344,0.5,0.5
1.2453551292419434,-0.3956027030944824,0.6011742626724754,34.444748003021985,0.5,0.5
1.2508063316345215,-0.39182645082473755,0.6105003854012909,34.979095474604144,0.5,0.5
1.2508063316345215,-0.39182645082473755,0.6105003854012909,34.979095474604144,0.5,0.5
1.2599737644195557,-0.3852827548980713,0.629357986588446,36.05955643436902,0.5,0.5
1.265175223350525,-0.3814614713191986,0.6378634907421319,36.546885925006215,0.5,0.5
1.2699812650680542,-0.3778717815876007,0.645191003003797,36.966721451929985,0.5,0.5
1.2752264738082886,-0.37389761209487915,0.6515949080222226,37.333638181888425,0.5,0.5
1.2752264738082886,-0.37389761209487915,0.6610649339188939,37.87623069764728,0.5,0.5
1.286516785621643,-0.3651207685470581,0.668208520733383,38.28552807270281,0.5,0.5
1.2916877269744873,-0.3610095977783203,0.6752299840897846,38.687828289030385,0.5,0.5
1.2916877269744873,-0.3610095977783203,0.6752299840897846,38.687828289030385,0.5,0.5
1.299497365951538,-0.3546866774559021,0.685945936761147,39.30180715056139,0.5,0.5
1.3045344352722168,-0.3505309224128723,0.6936852536167653,39.74523734270277,0.5,0.5
1.3091164827346802,-0.3466987609863281,0.6993436262763666,40.069438215010145,0.5,0.5
1.3139455318450928,-0.3426097631454468,0.7058725960179761,40.44352062577299,0.5,0.5
1.3188650608062744,-0.33839285373687744,0.711416663393418,40.76117228772198,0.49999999999999994,0.5
1.325390338897705,-0.33270496129989624,0.722469414053344,41.39444825254618,0.5,0.5
1.3302891254425049,-0.328348845243454,0.7311884900383222,41.8940145077393,0.5,0.5
1.3302891254425049,-0.328348845243454,0.7311884900383222,41.8940145077393,0.5,0.5
1.3386520147323608,-0.32072874903678894,0.7467283661290331,42.78438382189329,0.5,0.5
1.3434439897537231,-0.3162553906440735,0.7553204835215663,43.2766758855664,0.49999999999999994,0.5
1.3434439897537231,-0.3162553906440735,0.7553204835215663,43.2766758855664,0.49999999999999994,0.5
1.3528417348861694,-0.30725914239883423,0.7705130035059568,44.14714316084012,0.5,0.5
1.3528417348861694,-0.30725914239883423,0.7705130035059568,44.14714316084012,0.5,0.5
1.362816333770752,-0.297404021024704,0.7868284764403196,45.081950900739045,0.5,0.5
1.362816333770752,-0.297404021024704,0.7868284764403196,45.081950900739045,0.5,0.5
1.3673938512802124,-0.29278239607810974,0.7935550842682243,45.46735713971764,0.5,0.5
1.3766729831695557,-0.28320035338401794,0.8105197619686386,46.43936157275108,0.49999999999999994,0.5
1.3766729831695557,-0.28320035338401794,0.8105197619686386,46.43936157275108,0.5,0.5
1.3812566995620728,-0.27833837270736694,0.8191791159444166,46.93550600887299,0.49999999999999994,0.5
1.3866007328033447,-0.2725588083267212,0.8298733955664322,47.54824309614725,0.49999999999999994,0.5
1.3910918235778809,-0.2676110863685608,0.8376133903761825,47.991712132199105,0.49999999999999994,0.5
1.3954743146896362,-0.2627018094062805,0.8464612092029857,48.49865480887132,0.5,0.5
1.400339126586914,-0.2571379244327545,0.8582159801635932,49.17215357405707,0.5,0.5
1.4045871496200562,-0.2521783709526062,0.8668294876799139,49.66567120154645,0.49999999999999994,0.5
1.4098416566848755,-0.2459152489900589,0.8786674166656501,50.34393457060472,0.5,0.5
1.4098416566848755,-0.2459152489900589,0.8786674166656501,50.34393457060472,0.5,0.5
1.4139810800552368,-0.24086464941501617,0.8897892970444711,50.981171376560525,0.5,0.5
1.422641396522522,-0.22999803721904755,0.9073915946372139,51.989708738357976,0.5,0.5
1.422641396522522,-0.22999803721904755,0.9073915946372139,51.989708738357976,0.5,0.5
1.4265979528427124,-0.22489872574806213,0.91446761956037,52.395135102184206,0.5,0.5
1.4306858777999878,-0.21954916417598724,0.9221320503154087,52.83427463681819,0.49999999999999994,0.5
1.4345837831497192,-0.2143731713294983,0.9285331763895721,53.2010321449989,0.5,0.5
1.4388267993927002,-0.208665132522583,0.9346116155034007,53.549301052248516,0.49999999999999994,0.5
1.4426325559616089,-0.2034837305545807,0.9399514683107275,53.85525208132943,0.5,0.5
1.446999192237854,-0.19745826721191406,0.9474249481740963,54.283450935776465,0.5,0.5
1.446999192237854,-0.19745826721191406,0.9474249481740963,54.283450935776465,0.5,0.5
1.4548310041427612,-0.18638074398040771,0.9628587657111932,55.16774354242712,0.5,0.5
1.4548310041427612,-0.18638074398040771,0.9628587657111932,55.16774354242712,0.49999999999999994,0.5
1.4629679918289185,-0.17446747422218323,0.9798759305259696,56.14275526559232,0.49999999999999994,0.5
1.4629679918289185,-0.17446747422218323,0.9798759305259696,56.14275526559232,0.5,0.5
1.4664077758789062,-0.16930784285068512,0.9857043260857856,56.47669773250257,0.5,0.5
1.4729820489883423,-0.15924200415611267,0.9987453704288994,57.223894533805954,0.5,0.5
1.4729820489883423,-0.15924200415611267,0.9987453704288994,57.223894533805954,0.5,0.5
1.4765628576278687,-0.15363042056560516,1.006917485000228,57.692122208440445,0.49999999999999994,0.5
1.4797862768173218,-0.14848166704177856,1.0159406985798056,58.20911426419537,0.5,0.5
1.483013391494751,-0.1432161033153534,1.0259847764612582,58.7845975359033,0.49999999999999994,0.5
1.486385464668274,-0.13759444653987885,1.034999364274169,59.30109537163317,0.5,0.5
1.4907091856002808,-0.1302124410867691,1.0469098043228686,59.98351331856724,0.5,0.5
1.4939231872558594,-0.12458617240190506,1.0566732568234263,60.542917940325644,0.5,0.5
1.4975616931915283,-0.11809501051902771,1.0631449478217512,60.913718520842465,0.5,0.5
1.5007171630859375,-0.11237785220146179,1.0697965283143003,61.29482601015708,0.49999999999999994,0.5
1.5036276578903198,-0.10701712220907211,1.0769948910191864,61.70726181255143,0.5,0.5
1.506613850593567,-0.10140968859195709,1.0859284729876828,62.21911835528045,0.5,0.5
1.506613850593567,-0.10140968859195709,1.0859284729876828,62.21911835528045,0.5,0.5
1.5137001276016235,-0.08763560652732849,1.1038122511625548,63.24378336644879,0.5,0.5
1.5137001276016235,-0.08763560652732849,1.1038122511625548,63.24378336644879,0.5,0.5
1.5166858434677124,-0.0816577598452568,1.1113327022067037,63.67467347131327,0.5,0.5
1.519584059715271,-0.07574956119060516,1.1181454328543234,64.06501418438131,0.49999999999999994,0.5
1.522897481918335,-0.06886118650436401,1.1267693323264696,64.55912722708038,0.5,0.5
1.5256567001342773,-0.06299847364425659,1.1350693929928812,65.03468567296831,0.5,0.5
1.5297271013259888,-0.0541168637573719,1.1470551173552674,65.72141709334016,0.5,0.5
1.5297271013259888,-0.0541168637573719,1.1470551173552674,65.72141709334016,0.5,0.5
1.5323777198791504,-0.04817657545208931,1.1551298278134026,66.18406392338146,0.5,0.5
1.536797285079956,-0.037926796823740005,1.172264986069484,67.16583617274368,0.5,0.5
1.536797285079956,-0.037926796823740005,1.172264986069484,67.16583617274368,0.5,0.5
1.539281964302063,-0.031942594796419144,1.1822304951243199,67.73681778228517,0.5,0.5
1.5445743799209595,-0.018739303573966026,1.196257156021369,68.54048625234728,0.5,0.5
1.5445743799209595,-0.018739303573966026,1.196257156021369,68.54048625234728,0.49999999999999994,0.5
1.5469340085983276,-0.012677537277340889,1.202890626906761,68.92055613760314,0.5,0.5
1.5491111278533936,-0.006979411002248526,1.2087824638510312,69.25813352808909,0.49999999999999994,0.5
1.5514079332351685,-0.0008394812466576695,1.2168815611862782,69.72217762326439,0.5,0.5
1.5535237789154053,0.004962558392435312,1.2253296506823883,70.2062174963403,0.5,0.5
1.5568599700927734,0.014440890401601791,1.2393794003839618,71.01120885745566,0.5,0.5
1.5568599700927734,0.014440890401601791,1.2393794003839618,71.01120885745566,0.5,0.5
1.5616155862808228,0.028729982674121857,1.259779029669927,72.18002151917293,0.5,0.5
1.5616155862808228,0.028729982674121857,1.259779029669927,72.18002151917293,0.5,0.5
1.5635701417922974,0.034907691180706024,1.2689642248636461,72.70629443777689,0.5,0.5
1.565991997718811,0.04279555752873421,1.2768380319714174,73.15743035375229,0.49999999999999994,0.5
1.5678274631500244,0.04895689710974693,1.2857036468729515,73.66539267039848,0.5,0.5
1.569521188735962,0.05479056388139725,1.2907552859551799,73.95483026943351,0.5,0.5
1.5714133977890015,0.06151515245437622,1.302237550758248,74.61271558190093,0.5,0.5
1.573116660118103,0.0678192675113678,1.3115887036269913,75.14849717486157,0.5,0.5
1.573116660118103,0.0678192675113678,1.3115887036269913,75.14849717486157,0.49999999999999994,0.5
1.5759342908859253,0.07880280911922455,1.3277705407434761,76.07564814640429,0.5,0.5
1.5774896144866943,0.08517109602689743,1.3347403921500742,76.47499121583569,0.5,0.5
1.5789841413497925,0.09150193631649017,1.3432066869981827,76.96007417874566,0.49999999999999994,0.5
1.580451488494873,0.0979689508676529,1.3521363116564342,77.47170398429942,0.5,0.5
1.5818519592285156,0.10439897328615189,1.3605410456201095,77.95325976834827,0.5,0.5
1.5834466218948364,0.11200396716594696,1.36766885969849,78.3616534321934,0.5,0.5
1.584748387336731,0.118454709649086,1.375670876529636,78.82013522421072,0.5,0.5
1.584748387336731,0.118454709649086,1.375670876529636,78.82013522421072,0.5,0.5
1.5871371030807495,0.1309855729341507,1.3899590369510768,79.63878651336515,0.5,0.5
1.5871371030807495,0.1309855729341507,1.3899590369510768,79.63878651336515,0.5,0.5
1.589474081993103,0.1442721039056778,1.404639649800823,80.47992367032111,0.5,0.5
1.589474081993103,0.1442721039056778,1.404639649800823,80.47992367032111,0.5,0.5
1.590537667274475,0.15076635777950287,1.4122796499538732,80.9176634345702,0.5,0.5
1.5917607545852661,0.15859362483024597,1.4193036017183445,81.32010622617787,0.5,0.5
1.5927083492279053,0.16497790813446045,1.4275755384912483,81.79405329166433,0.5,0.5
1.5935486555099487,0.17096851766109467,1.4352869813143139,82.23588641938244,0.5,0.5
1.5943759679794312,0.177267387509346,1.4450993813589945,82.79809552883661,0.5,0.5
1.5951868295669556,0.18390002846717834,1.4531817433173715,83.26118075754871,0.49999999999999994,0.5
1.5959892272949219,0.19099240005016327,1.4631149973473063,83.83031429029529,0.5,0.5
1.5966657400131226,0.1975383162498474,1.4725258884872972,84.36951863407383,0.5,0.5
1.5974432229995728,0.20585457980632782,1.4826339967545041,84.94867057664608,0.5,0.5
1.5974432229995728,0.20585457980632782,1.4900049769531625,85.37099663290371,0.5,0.5
1.5980027914047241,0.21246233582496643,1.4900049769531625,85.37099663290371,0.49999999999999994,0.5
1.5989490747451782,0.22556431591510773,1.508458125262165,86.42828414973852,0.5,0.5
1.5989490747451782,0.22556431591510773,1.508458125262165,86.42828414973852,0.5,0.5
1.5993363857269287,0.23218439519405365,1.5162525563837064,86.87487215670826,0.5,0.5
1.5997157096862793,0.239894837141037,1.527033783813249,87.49259098639173,0.5,0.5
1.599976658821106,0.24652110040187836,1.5358462130357375,87.99750598809808,0.5,0.5
1.600258231163025,0.25704658031463623,1.5522565898485587,88.93775131969208,0.5,0.5
1.600258231163025,0.25704658031463623,1.5522565898485587,88.93775131969208,0.5,0.5
1.60035240650177,0.2636013627052307,1.5606055117311188,89.4161093070472,0.5,0.5
1.6003994941711426,0.2702072858810425,1.5667393525675466,89.7675524991795,0.5,0.5
1.6004029512405396,0.2767627537250519,1.5737850452180313,90.17124095179861,0.5,0.5
1.6003559827804565,0.2831915020942688,1.5824186384630625,90.66590940677156,0.5,0.5
1.6002532243728638,0.2898727357387543,1.5899365143068038,91.0966519635213,0.5,0.5
1.600106120109558,0.2963505983352661,1.5970563383691578,91.50458783316986,0.49999999999999994,0.5
1.5998526811599731,0.3043447732925415,1.6079208127050337,92.12707635924374,0.5,0.5
1.5995895862579346,0.3108443021774292,1.6145887997854944,92.50912387680191,0.5,0.5
1.5992497205734253,0.3179991543292999,1.6219335282094027,92.92994581716162,0.49999999999999994,0.5
1.598897933959961,0.32441842555999756,1.629136090713155,93.34262225030581,0.5,0.5
1.598897933959961,0.32441842555999756,1.629136090713155,93.34262225030581,0.5,0.5
1.5980536937713623,0.3375020921230316,1.6419839792636373,94.0787520399029,0.5,0.5
1.5980536937713623,0.3375020921230316,1.6419839792636373,94.0787520399029,0.49999999999999994,0.5
1.5968732833862305,0.35256627202033997,1.6586017499541756,95.03088016538695,0.49999999999999994,0.5
1.5968732833862305,0.35256627202033997,1.6586017499541756,95.03088016538695,0.5,0.5
1.5962737798690796,0.3590942621231079,1.6661591884757745,95.46388949660415,0.5,0.5
1.5956116914749146,0.36571797728538513,1.6746895933635604,95.95264569421205,0.5,0.5
1.5949015617370605,0.37231123447418213,1.6814756465538911,96.34145790156929,0.5,0.5
1.5941448211669922,0.3788738548755646,1.6897113867302964,96.81333105484364,0.5,0.5
1.5931978225708008,0.38653531670570374,1.6978542993740828,97.27988558227632,0.5,0.5
1.5923389196395874,0.39303427934646606,1.706522466620984,97.77653498163728,0.49999999999999994,0.5
1.5911558866500854,0.40140485763549805,1.7158839264455867,98.31290711966831,0.5,0.5
1.5911558866500854,0.40140485763549805,1.7158839264455867,98.31290711966831,0.5,0.5
1.5901994705200195,0.40776222944259644,1.724337523321897,98.79726254238585,0.5,0.5
1.5885450839996338,0.41798123717308044,1.738255064021958,99.5946788857009,0.5,0.5
1.5874979496002197,0.4240162670612335,1.7469324735183889,100.09185782695313,0.5,0.5
1.5874979496002197,0.4240162670612335,1.7469324735183889,100.09185782695313,0.49999999999999994,0.5
1.585017204284668,0.43725091218948364,1.7662585372412254,101.19915971287256,0.5,0.5
1.585017204284668,0.43725091218948364,1.7662585372412254,101.19915971287256,0.5,0.5
1.582112193107605,0.4512789845466614,1.7830333582500388,102.16028615876495,0.5,0.5
1.582112193107605,0.4512789845466614,1.7830333582500388,102.16028615876495,0.5,0.5
1.5808273553848267,0.45716431736946106,1.7884476705898438,102.47050340480138,0.5,0.5
1.5793588161468506,0.463657021522522,1.798025122849831,103.01925099778667,0.5,0.5
1.5775834321975708,0.47114384174346924,1.8092505697721728,103.66242172958498,0.5,0.5
1.5760914087295532,0.4771888554096222,1.816301792681088,104.06642704267178,0.5,0.5
1.573982834815979,0.4854276776313782,1.8264057811330958,104.64534293722075,0.5,0.5
1.5724248886108398,0.4912990629673004,1.8339137406546329,105.07551733055988,0.49999999999999994,0.5
1.5724248886108398,0.4912990629673004,1.8339137406546329,105.07551733055988,0.49999999999999994,0.5
1.568743348121643,0.5045666694641113,1.848408899953329,105.90602878174498,0.5,0.5
1.568743348121643,0.5045666694641113,1.848408899953329,105.90602878174498,0.5,0.5
1.564752221107483,0.5181934833526611,1.8623554148244552,106.70510522277695,0.5,0.5
1.564752221107483,0.5181934833526611,1.8623554148244552,106.70510522277695,0.5,0.5
1.5628726482391357,0.5243679285049438,1.870243252520125,107.15704503222302,0.5,0.5
1.561047911643982,0.5302150249481201,1.8763339715823026,107.50601752868569,0.5,0.5
1.5590405464172363,0.5364821553230286,1.8852164275095344,108.01494476502702,0.49999999999999994,0.5
1.5571165084838867,0.5422973036766052,1.8954438914113185,108.60093528172166,0.5,0.5
1.5541205406188965,0.5510096549987793,1.9085650337637314,109.35272136090528,0.49999999999999994,0.5
1.551901936531067,0.5572320818901062,1.918022819644965,109.89461257543837,0.5,0.5
1.549827218055725,0.5629144310951233,1.9237179071435109,110.22091705306278,0.5,0.5
1.5472489595413208,0.5698138475418091,1.933120921182636,110.7596700722069,0.5,0.5
1.5448668003082275,0.5760297179222107,1.940416539505216,111.17767821102905,0.5,0.5
1.5421710014343262,0.5828840732574463,1.9505922769531565,111.76070502022927,0.5,0.5
1.5421710014343262,0.5828840732574463,1.9505922769531565,111.76070502022927,0.5,0.5
1.5397135019302368,0.5889614820480347,1.9595137184220632,112.27186596357062,0.5,0.5
1.5343995094299316,0.6016361713409424,1.976114959041927,113.22304698576995,0.5,0.5
1.5343995094299316,0.6016361713409424,1.976114959041927,113.22304698576995,0.5,0.5
1.531771183013916,0.6076968908309937,1.983839041716888,113.66560432365534,0.5,0.5
1.5286825895309448,0.6146612763404846,1.9926006996355765,114.16761034393357,0.5,0.5
1.5260063409805298,0.6205623149871826,2.0005450063754746,114.62278559128707,0.5,0.5
1.5234652757644653,0.6260519623756409,2.008075429468806,115.05424705248281,0.5,0.5
1.5206310749053955,0.6320192217826843,2.020343751887867,115.75717014880072,0.5,0.5
1.5177079439163208,0.6379997730255127,2.030508745768098,116.33958139691428,0.5,0.5
1.5144309997558594,0.644539475440979,2.0401156394733215,116.89001586045438,0.5,0.5
1.5114411115646362,0.6503733992576599,2.0486922236670115,117.38141793739143,0.49999999999999994,0.5
1.507858157157898,0.6572113633155823,2.058182913759918,117.92519442438159,0.5,0.5
1.5047913789749146,0.662947952747345,2.0652861823967803,118.33218173802145,0.49999999999999994,0.5
1.5047913789749146,0.662947952747345,2.0652861823967803,118.33218173802145,0.5,0.5
1.4983633756637573,0.6746933460235596,2.077932103432593,119.0567396414292,0.5,0.5
1.4983633756637573,0.6746933460235596,2.077932103432593,119.0567396414292,0.5,0.5
1.4951363801956177,0.680457592010498,2.0843774631442624,119.42603155035154,0.5,0.5
1.4915016889572144,0.6868345737457275,2.0933215158033263,119.93848801945866,0.5,0.5
1.4881418943405151,0.6926104426383972,2.1019835682086114,120.43478706420264,0.5,0.5
1.4828636646270752,0.7014569044113159,2.1155216726547583,121.21046331157414,0.5,0.5
1.4828636646270752,0.7014569044113159,2.1155216726547583,121.21046331157414,0.5,0.5
1.4836176633834839,0.7003458738327026,2.131841494934654,122.14552025061573,0.5,0.5
1.4836176633834839,0.7003458738327026,2.131841494934654,122.14552025061573,0.5,0.5
1.4801360368728638,0.705840528011322,2.1393430842651275,122.57532965889224,0.5,0.5
1.4768744707107544,0.7109050750732422,2.146555247017995,122.98855614579301,0.5,0.5
1.472874402999878,0.7169989943504333,2.156756717608285,123.57305735544345,0.5,0.5
1.4691826105117798,0.7225077748298645,2.165664036201149,124.08340911759295,0.5,0.5
1.4652535915374756,0.7282532453536987,2.175548852657944,124.64976738182877,0.5,0.5
1.4614453315734863,0.7337129712104797,2.184168183869221,125.14361868246033,0.49999999999999994,0.5
1.4573960304260254,0.7394053936004639,2.1940472673341813,125.70964847046004,0.5,0.5
1.4535362720489502,0.7447353601455688,2.2010748930997273,126.11230176682322,0.49999999999999994,0.5
1.4535362720489502,0.7447353601455688,2.2010748930997273,126.11230176682322,0.5,0.5
1.4454010725021362,0.7556867003440857,2.21822770638394,127.09508557478453,0.5,0.5
1.4454010725021362,0.7556867003440857,2.21822770638394,127.09508557478453,0.5,0.5
1.4414868354797363,0.7608185410499573,2.226567592663361,127.57292586021441,0.5,0.5
1.4373629093170166,0.766140341758728,2.2335513669743374,127.97306665330525,0.5,0.5
1.4330259561538696,0.7716490030288696,2.2419388886778164,128.453636247489,0.49999999999999994,0.5
1.4288012981414795,0.776923656463623,2.250273043279902,128.93114813199801,0.5,0.5
1.4233767986297607,0.783571720123291,2.260113044169821,129.49493865339537,0.5,0.5
1.419188380241394,0.7886146306991577,2.2676842974612716,129.92873951262,0.5,0.5
1.4152864217758179,0.7932372093200684,2.276041330960453,130.40756226137256,0.5,0.5
1.4110466241836548,0.7981705069541931,2.2854173754376648,130.94477003844372,0.5,0.5
1.4071160554885864,0.8026684522628784,2.292527279289853,131.3521375219179,0.49999999999999994,0.5
1.4071160554885864,0.8026684522628784,2.292527279289853,131.3521375219179,0.5,0.5
1.4003745317459106,0.8102217316627502,2.306416329103975,132.1479214577141,0.5,0.5
1.3960236310958862,0.8149889707565308,2.3147094527859817,132.62308244367304,0.5,0.5
1.3910495042800903,0.8203521966934204,2.322439490092159,133.06598095679567,0.5,0.5
1.3866419792175293,0.8250324130058289,2.3299730214263303,133.49762050707326,0.5,0.5
1.3821827173233032,0.8296985030174255,2.3370776889034897,133.90468796835833,0.5,0.5
1.3770675659179688,0.834962785243988,2.3465641202740026,134.44822044852924,0.5,0.5
1.3770675659179688,0.834962785243988,2.3465641202740026,134.44822044852924,0.5,0.5
1.3660557270050049,0.8460002541542053,2.36317952997309,135.4002132991677,0.49999999999999994,0.5
1.3660557270050049,0.8460002541542053,2.36317952997309,135.4002132991677,0.5,0.5
1.361372709274292,0.8505875468254089,2.369863095010812,135.78315336793037,0.5,0.5
1.3568743467330933,0.8549290895462036,2.378001503842453,136.24944984593537,0.5,0.5
1.3513606786727905,0.8601498603820801,2.38893347213124,136.87580549065373,0.5,0.5
1.3464411497116089,0.8647091388702393,2.3994193739160155,137.47660340731005,0.5,0.5
1.3414419889450073,0.8692564368247986,2.4075763799015486,137.94396542374406,0.5,0.5
1.336289644241333,0.8738607168197632,2.4170344172986344,138.48587104907398,0.5,0.5
1.3314595222473145,0.8781034350395203,2.424660279151862,138.92280074841372,0.5,0.5
1.3254776000976562,0.8832588791847229,2.4358666579055726,139.5648789546264,0.49999999999999994,0.5
1.320605754852295,0.8873756527900696,2.444133830259455,140.0385530390111,0.49999999999999994,0.5
1.320605754852295,0.8873756527900696,2.444133830259455,140.0385530390111,0.49999999999999994,0.5
1.3104088306427002,0.8957769870758057,2.460978094859919,141.0036583096193,0.49999999999999994,0.5
1.3104088306427002,0.8957769870758057,2.460978094859919,141.0036583096193,0.5,0.5
1.3053171634674072,0.8998658061027527,2.469012567066202,141.4639996576545,0.5,0.5
1.294874906539917,0.9080424308776855,2.486477209222738,142.46464994393025,0.5,0.5
1.294874906539917,0.9080424308776855,2.486477209222738,142.46464994393025,0.5,0.5
1.289660930633545,0.9120158553123474,2.4943462039261997,142.91551012944942,0.49999999999999994,0.5
1.283238172531128,0.9168246388435364,2.5034933464379763,143.43960278997892,0.5,0.5
1.2782875299453735,0.9204742312431335,2.509174867818193,143.76512998627868,0.5,0.5
1.272942304611206,0.9243561029434204,2.5177896574069747,144.2587210711091,0.5,0.5
1.266534447669983,0.9289278984069824,2.5259862549074454,144.72835151425355,0.5,0.5
1.2615242004394531,0.9324514865875244,2.53134973821042,145.03565647100288,0.49999999999999994,0.5
1.2615242004394531,0.9324514865875244,2.53134973821042,145.03565647100288,0.5,0.5
1.2505651712417603,0.9399660229682922,2.5496068334582636,146.08171097487266,0.49999999999999994,0.5
1.24557626247406,0.9432967901229858,2.5562434865446972,146.4619631868178,0.49999999999999994,0.5
1.24557626247406,0.9432967901229858,2.5562434865446972,146.4619631868178,0.49999999999999994,0.5
1.2373976707458496,0.9486410617828369,2.5693543818479574,147.2131621533325,0.49999999999999994,0.5
1.2323213815689087,0.951884388923645,2.5767374567500774,147.63618118505292,0.5,0.5
1.2262153625488281,0.9557251930236816,2.583483068242634,148.02267625381137,0.5,0.5
1.2212072610855103,0.9588394165039062,2.587056190486827,148.22740107808792,0.5,0.5
1.2131730318069458,0.9637490510940552,2.5990637180906573,148.91538173217424,0.5,0.5
1.2131730318069458,0.9637490510940552,2.5990637180906573,148.91538173217424,0.5,0.5
1.2010087966918945,0.9709250926971436,2.617813376200465,149.98965800917946,0.5,0.5
1.2010087966918945,0.9709250926971436,2.617813376200465,149.98965800917946,0.5,0.5
1.1957582235336304,0.9739292860031128,2.625977815656444,150.45744593209716,0.5,0.5
1.186851143836975,0.9788999557495117,2.639187635341918,151.21431284820363,0.5,0.5
1.1814944744110107,0.9818180203437805,2.646381197180923,151.626473581245,0.5,0.5
1.1746851205825806,0.9854550361633301,2.6556533001350218,152.15772594772565,0.5,0.5
1.1746851205825806,0.9854550361633301,2.6556533001350218,152.15772594772565,0.5,0.5
1.169283390045166,0.9882887005805969,2.6613009582429736,152.48131292144413,0.5,0.5
1.1594126224517822,0.9933354258537292,2.6766272197233114,153.3594430199814,0.5,0.5
1.153836727142334,0.9961063861846924,2.684130502703928,153.78934946726307,0.5,0.5
1.153836727142334,0.9961063861846924,2.684130502703928,153.78934946726307,0.5,0.5
1.1412850618362427,1.0021264553070068,2.704459978096728,154.95414260698558,0.5,0.5
1.135403037071228,1.004844307899475,2.71304543869717,155.44605326456676,0.5,0.5
1.135403037071228,1.004844307899475,2.71304543869717,155.44605326456676,0.49999999999999994,0.5
1.1271108388900757,1.0085598230361938,2.727646632633795,156.28264005298738,0.5,0.5
1.121096134185791,1.0111669301986694,2.737517180685841,156.8481807978507,0.5,0.5
1.1138666868209839,1.0142165422439575,2.747308083754719,157.40915822131907,0.5,0.5
1.107803463935852,1.0167088508605957,2.7558620673303422,157.89926537822652,0.5,0.5
1.107803463935852,1.0167088508605957,2.7639113083432476,158.3604529165496,0.49999999999999994,0.5
1.0954976081848145,1.0215868949890137,2.7730577473725297,158.8845052705012,0.5,0.5
1.0897752046585083,1.0237712860107422,2.780819474979739,159.32921950412447,0.5,0.5
1.0811634063720703,1.0269731283187866,2.7904575567175844,159.88144091030512,0.5,0.5
1.0811634063720703,1.0269731283187866,2.7904575567175844,159.88144091030512,0.5,0.5
1.0751912593841553,1.029139518737793,2.796761818884485,160.24264852541253,0.49999999999999994,0.5
1.0627329349517822,1.0335384607315063,2.8073847731094017,160.85129896846092,0.5,0.5
1.0627329349517822,1.0335384607315063,2.8073847731094017,160.85129896846092,0.5,0.5
1.0565083026885986,1.035673975944519,2.8148132093442575,161.27691701310022,0.5,0.5
1.0502427816390991,1.037767767906189,2.8233345197319806,161.76515213423772,0.49999999999999994,0.5
1.0423915386199951,1.0403058528900146,2.8345025191999236,162.4050313693552,0.5,0.5
1.0361340045928955,1.0422595739364624,2.843421751280209,162.91606572405325,0.5,0.5
1.0361340045928955,1.0422595739364624,2.843421751280209,162.91606572405325,0.5,0.5
1.023667573928833,1.045979619026184,2.8595300214658272,163.8390016209456,0.5,0.5
1.023667573928833,1.045979619026184,2.8595300214658272,163.8390016209456,0.5,0.5
1.0090937614440918,1.050065279006958,2.876836373481377,164.83058255020433,0.5,0.5
1.0090937614440918,1.050065279006958,2.876836373481377,164.83058255020433,0.5,0.5
1.0027352571487427,1.0517609119415283,2.885126171561511,165.30555299321165,0.5,0.5
0.9963862895965576,1.0533933639526367,2.8947099004480648,165.8546602104088,0.5,0.5
0.9893333911895752,1.055132508277893,2.9049652231568452,166.4422469191666,0.5,0.5
0.9833248853683472,1.0565601587295532,2.911654535727886,166.82551629733103,0.5,0.5
0.9768611192703247,1.0580418109893799,2.9208753809313053,167.3538318110304,0.5,0.5
0.9700131416320801,1.0595452785491943,2.9300819152691915,167.88132737253355,0.5,0.5
0.9639692902565002,1.0608149766921997,2.9389494221213184,168.38939808996378,0.5,0.5
0.9540672302246094,1.0627994537353516,2.9486520904711253,168.94532003642286,0.49999999999999994,0.5
0.9540672302246094,1.0627994537353516,2.9486520904711253,168.94532003642286,0.49999999999999994,0.5
0.9475785493850708,1.0640392303466797,2.956949296075689,169.42071489931666,0.5,0.5
0.9414533376693726,1.065157175064087,2.9651647300964377,169.89142459557374,0.5,0.5
0.9348952770233154,1.0662990808486938,2.9732411476135283,170.35416923288858,0.5,0.5
0.9287772178649902,1.0673106908798218,2.9822021075874634,170.86759441978072,0.5,0.5
0.9187199473381042,1.0688532590866089,2.996597362921285,171.69238179542188,0.5,0.5
0.9123548269271851,1.0697565078735352,3.0046523224609905,172.15389698119563,0.49999999999999994,0.5
0.9123548269271851,1.0697565078735352,3.0046523224609905,172.15389698119563,0.5,0.5
0.8993287682533264,1.0714538097381592,3.017720049754921,172.90262260296575,0.49999999999999994,0.5
0.8993287682533264,1.0714538097381592,3.017720049754921,172.90262260296575,0.5,0.5
0.8848730325698853,1.0731384754180908,3.0320590119569015,173.72418461973686,0.5,0.5
0.8848730325698853,1.0731384754180908,3.0320590119569015,173.72418461973686,0.5,0.5
0.8784551024436951,1.073822021484375,3.038911409136288,174.11679805766306,0.5,0.5
0.8722338676452637,1.0744391679763794,3.046525306042984,174.55304221606445,0.5,0.5
0.8646708726882935,1.07511568069458,3.058229034352267,175.22361645275416,0.5,0.5
0.8581110239028931,1.075640320777893,3.065339633791423,175.6310237904259,0.5,0.5
0.8483651280403137,1.0763250589370728,3.077558824012972,176.33113181918816,0.5,0.5
0.8483651280403137,1.0763250589370728,3.077558824012972,176.33113181918816,0.5,0.5
0.8417713046073914,1.0767277479171753,3.0836504143046377,176.68015423342348,0.49999999999999994,0.5
0.8351747989654541,1.0770831108093262,3.091911141008888,177.15345900928804,0.5,0.5
0.8289046287536621,1.0773769617080688,3.097622934696206,177.4807206810208,0.49999999999999994,0.5
0.8222783803939819,1.0776376724243164,3.1069105312732,178.01286076670274,0.49999999999999994,0.5
0.81491619348526,1.0778554677963257,3.11713463471944,178.59865874347744,0.49999999999999994,0.5
0.8083367943763733,1.0779907703399658,3.1249099411483896,179.0441509862772,0.5,0.5
0.7986685633659363,1.0780843496322632,3.138928476967777,179.84735392368106,0.5,0.5
0.7925686836242676,1.0780737400054932,-3.1354537008268992,-179.648263916056,0.5,0.5
0.7925686836242676,1.0780737400054932,-3.1354537008268992,-179.648263916056,0.5,0.5
0.778700053691864,1.0778709650039673,-3.1176719663031625,-178.62944557542383,0.49999999999999994,0.5
0.778700053691864,1.0778709650039673,-3.1176719663031625,-178.62944557542383,0.5,0.5
0.7721470594406128,1.0776898860931396,-3.1102774136504228,-178.20576891703456,0.49999999999999994,0.5
0.763319730758667,1.0773624181747437,-3.098745106661382,-177.5450163985133,0.5,0.5
0.7572264075279236,1.0770803689956665,-3.0919172739059873,-177.153810398408,0.5,0.5
0.7494679689407349,1.0766499042510986,-3.080415010702453,-176.49477926199688,0.5,0.5
0.7434057593345642,1.0762627124786377,-3.0751852978147793,-176.195138785468,0.49999999999999994,0.5
0.7434057593345642,1.0762627124786377,-3.0751852978147793,-176.195138785468,0.49999999999999994,0.5
0.7301287055015564,1.0752804279327393,-3.060472253729115,-175.35214345556952,0.49999999999999994,0.5
0.7301287055015564,1.0752804279327393,-3.060472253729115,-175.35214345556952,0.5,0.5
0.7136174440383911,1.0737911462783813,-3.041001317099685,-174.23654096353647,0.49999999999999994,0.5
0.7136174440383911,1.0737911462783813,-3.041001317099685,-174.23654096353647,0.49999999999999994,0.5
0.7076260447502136,1.073166012763977,-3.0342512094145393,-173.84978828191882,0.5,0.5
0.7011363506317139,1.072440266609192,-3.0261907586487835,-173.38795847206802,0.49999999999999994,0.5
0.6936473250389099,1.0715429782867432,-3.018501997502239,-172.94742490868686,0.5,0.5
0.6877464652061462,1.0707956552505493,-3.0127258327988335,-172.61647504940927,0.5,0.5
0.6795946955680847,1.0696932077407837,-3.001610994981791,-171.97964175252037,0.49999999999999994,0.5
0.6795946955680847,1.0696932077407837,-3.001610994981791,-171.97964175252037,0.5,0.5
0.6653257012367249,1.0675641298294067,-2.9840049721963418,-170.97089095290295,0.49999999999999994,0.5
0.6653257012367249,1.0675641298294067,-2.9840049721963418,-170.97089095290295,0.5,0.5
0.6592546105384827,1.066578984260559,-2.9774496542495106,-170.59529890118316,0.5,0.5
0.649028480052948,1.064813494682312,-2.9638178331448324,-169.81425308480772,0.5,0.5
0.6433019638061523,1.0637664794921875,-2.957710745025007,-169.46434271042725,0.5,0.5
0.6433019638061523,1.0637664794921875,-2.957710745025007,-169.46434271042725,0.49999999999999994,0.5
0.633471667766571,1.0618103742599487,-2.93263411318965,-168.02755754185787,0.49999999999999994,0.5
0.627508282661438,1.0605272054672241,-2.926673893664811,-167.68606211811317,0.5,0.5
0.6179077625274658,1.0583428144454956,-2.9090752683632677,-166.67773516310257,0.5,0.5
0.611977219581604,1.0569154024124146,-2.9017338848405165,-166.25710487146205,0.5,0.5
0.611977219581604,1.0569154024124146,-2.9017338848405165,-166.25710487146205,0.5,0.5
0.5984334349632263,1.0534855127334595,-2.8863263070483867,-165.37431569145352,0.5,0.5
0.5924387574195862,1.051898717880249,-2.8793118106908784,-164.9724146547584,0.5,0.5
0.5924387574195862,1.051898717880249,-2.8793118106908784,-164.9724146547584,0.5,0.5
0.5783014297485352,1.047944188117981,-2.8582768226198847,-163.7671986161824,0.5,0.5
0.5783014297485352,1.047944188117981,-2.8582768226198847,-163.7671986161824,0.5,0.5
0.5726200938224792,1.0462706089019775,-2.851954934469959,-163.4049811066379,0.5,0.5
0.5663722157478333,1.044371485710144,-2.8410425276541007,-162.77974625175943,0.5,0.5
0.5593951940536499,1.0421744585037231,-2.8320007376988774,-162.26168984808137,0.5,0.5
0.5536879897117615,1.0403274297714233,-2.825194848814483,-161.87174113917055,0.5,0.5
0.5440908074378967,1.0371031761169434,-2.8097777362460876,-160.98840565672342,0.5,0.5
0.5440908074378967,1.0371031761169434,-2.8097777362460876,-160.98840565672342,0.5,0.5
0.5383304357528687,1.035096526145935,-2.802978999829827,-160.59886675404977,0.5,0.5
0.5285392999649048,1.0315823554992676,-2.7910161067129162,-159.9134434676847,0.5,0.5
0.5229125618934631,1.0295029878616333,-2.7842109167242466,-159.52353480254925,0.5,0.5
0.5155486464500427,1.0267218351364136,-2.7767441229692156,-159.09571903389133,0.5,0.5
0.5099502205848694,1.0245674848556519,-2.77172803501391,-158.8083183643859,0.5,0.5
0.5029971599578857,1.0218461751937866,-2.765336533802012,-158.4421123201914,0.5,0.5
0.5029971599578857,1.0218461751937866,-2.765336533802012,-158.4421123201914,0.5,0.5
0.49737825989723206,1.019605278968811,-2.758887767563212,-158.07262523164172,0.5,0.5
0.4870226979255676,1.0153722763061523,-2.748206159563676,-157.46061417485512,0.5,0.5
0.48137354850769043,1.0130047798156738,-2.7412695905257194,-157.0631780446791,0.5,0.5
0.48137354850769043,1.0130047798156738,-2.7412695905257194,-157.0631780446791,0.5,0.5
0.47180232405662537,1.0088653564453125,-2.7255206196271566,-156.16082848051707,0.5,0.5
0.46620872616767883,1.0063694715499878,-2.718277930734092,-155.7458529746182,0.5,0.5
0.4593254327774048,1.0032241344451904,-2.707667824964085,-155.1379386938094,0.5,0.5
0.4538891911506653,1.0006881952285767,-2.7025551630139644,-154.84500474199035,0.5,0.5
0.44568932056427,0.9967732429504395,-2.6897509019954784,-154.11137462584722,0.49999999999999994,0.5
0.44568932056427,0.9967732429504395,-2.6897509019954784,-154.11137462584722,0.5,0.5
0.4335702657699585,0.9907894730567932,-2.674420576313981,-153.2330116657364,0.5,0.5
0.4335702657699585,0.9907894730567932,-2.674420576313981,-153.2330116657364,0.5,0.5
0.42809006571769714,0.9879973530769348,-2.6663351234758528,-152.7697493426596,0.5,0.5
0.4220951497554779,0.9848779439926147,-2.6572680678497282,-152.2502453226723,0.5,0.5
0.41581082344055176,0.981547474861145,-2.651258944409532,-151.90594791097593,0.5,0.5
0.41050469875335693,0.9786956906318665,-2.6456069751449336,-151.5821139261768,0.49999999999999994,0.5
0.40309977531433105,0.9746173024177551,-2.630708714218244,-150.7285064529928,0.5,0.5
0.3978542387485504,0.971655547618866,-2.6244692900482716,-150.37101378146147,0.49999999999999994,0.5
0.3920806646347046,0.9683423042297363,-2.6167492689573937,-149.9286891552022,0.49999999999999994,0.5
0.38576218485832214,0.9646567702293396,-2.6103468197121993,-149.56185583490583,0.5,0.5
0.38049250841140747,0.9615345001220703,-2.6030683682232927,-149.14483128320077,0.49999999999999994,0.5
0.38049250841140747,0.9615345001220703,-2.6030683682232927,-149.14483128320077,0.5,0.5
0.3691025376319885,0.9545928239822388,-2.5852184543353958,-148.1221065527523,0.5,0.5
0.36397483944892883,0.9513834118843079,-2.5794811121581356,-147.79338106037292,0.5,0.5
0.36397483944892883,0.9513834118843079,-2.5794811121581356,-147.79338106037292,0.5,0.5
0.35582301020622253,0.9461842775344849,-2.568223510980021,-147.14836802542544,0.5,0.5
0.3504957854747772,0.9427229166030884,-2.562555812898158,-146.82363284578028,0.49999999999999994,0.5
0.34393003582954407,0.9383808374404907,-2.5520467915681855,-146.22151027675991,0.5,0.5
0.3389723598957062,0.9350488781929016,-2.5476565265281783,-145.96996661902367,0.5,0.5
0.3389723598957062,0.9350488781929016,-2.5476565265281783,-145.96996661902367,0.5,0.5
0.3281298577785492,0.9275879859924316,-2.5320444269378486,-145.07545920315985,0.49999999999999994,0.5
0.32303908467292786,0.9240029454231262,-2.5240259318896916,-144.6160332788539,0.5,0.5
0.32303908467292786,0.9240029454231262,-2.5240259318896916,-144.6160332788539,0.5,0.5
0.31398430466651917,0.9174759387969971,-2.510012609572888,-143.81312905314456,0.49999999999999994,0.5
0.30866995453834534,0.9135518670082092,-2.501115320686324,-143.3033519508358,0.5,0.5
0.30080312490463257,0.9076312780380249,-2.4917392774704115,-142.76614424603176,0.5,0.5
0.29593929648399353,0.9039082527160645,-2.484814161032814,-142.36936430152073,0.5,0.5
0.29593929648399353,0.9039082527160645,-2.484814161032814,-142.36936430152073,0.49999999999999994,0.5
0.28567224740982056,0.895836353302002,-2.4660720612167872,-141.2955210828495,0.49999999999999994,0.5
0.28567224740982056,0.895836353302002,-2.4660720612167872,-141.2955210828495,0.49999999999999994,0.5
0.28080883622169495,0.8919080495834351,-2.45825526086734,-140.84765141352977,0.5,0.5
0.27320680022239685,0.8856112957000732,-2.441416511098797,-139.88286211951538,0.5,0.5
0.2682730257511139,0.8814110159873962,-2.431240089416621,-139.29979610658128,0.49999999999999994,0.5
0.2633986175060272,0.8771805167198181,-2.4223523161278613,-138.79056420786623,0.5,0.5
0.25769397616386414,0.8721308708190918,-2.4116940475413964,-138.1798904009449,0.5,0.5
0.25323978066444397,0.8681129217147827,-2.4035921316203934,-137.7156848127016,0.5,0.5
0.25323978066444397,0.8681129217147827,-2.4035921316203934,-137.7156848127016,0.5,0.5
0.24335455894470215,0.858970046043396,-2.3866408015485976,-136.7444451424545,0.5,0.5
0.24335455894470215,0.858970046043396,-2.3866408015485976,-136.7444451424545,0.5,0.5
0.2385946661233902,0.8544625639915466,-2.3802030235990457,-136.37558763650281,0.5,0.5
0.23163612186908722,0.8477497100830078,-2.3681287845375527,-135.68378469744727,0.5,0.5
0.22715896368026733,0.8433501124382019,-2.3617336847242125,-135.31737246857796,0.5,0.5
0.22166413068771362,0.8378559947013855,-2.350782145772617,-134.6898955074784,0.5,0.5
0.21710358560085297,0.8332176208496094,-2.344685087954013,-134.34055982702517,0.49999999999999994,0.5
0.21710358560085297,0.8332176208496094,-2.344685087954013,-134.34055982702517,0.49999999999999994,0.5
0.20825037360191345,0.8240333795547485,-2.33163928568618,-133.59309041671614,0.5,0.5
0.20825037360191345,0.8240333795547485,-2.33163928568618,-133.59309041671614,0.5,0.5
0.19779488444328308,0.8128457069396973,-2.313271281131577,-132.5406812776603,0.49999999999999994,0.5
0.19779488444328308,0.8128457069396973,-2.313271281131577,-132.5406812776603,0.5,0.5
0.19363893568515778,0.8082774877548218,-2.304671047829897,-132.04792420664617,0.5,0.5
0.1893344223499298,0.8034682869911194,-2.2970843510720624,-131.61323850197667,0.5,0.5
0.1847032904624939,0.7982044816017151,-2.287601715773713,-131.0699235207195,0.5,0.5
0.1807442456483841,0.7936307191848755,-2.280948670956795,-130.68873213179867,0.5,0.5
0.17409074306488037,0.7857661843299866,-2.264994167026062,-129.7746063923428,0.5,0.5
0.17409074306488037,0.7857661843299866,-2.264994167026062,-129.7746063923428,0.5,0.5
0.1702996790409088,0.7811828851699829,-2.2587523348961693,-129.4169757548708,0.5,0.5
0.16433914005756378,0.77382892370224,-2.245087140101177,-128.6340177668936,0.5,0.5
0.16056133806705475,0.7690719962120056,-2.238853459577175,-128.2768541820354,0.49999999999999994,0.5
0.15540659427642822,0.7624676823616028,-2.2282309634935276,-127.66822998854815,0.49999999999999994,0.5
0.15164870023727417,0.7575668096542358,-2.221664639784161,-127.29200735308474,0.5,0.5
0.14579948782920837,0.7497729659080505,-2.2075591039217386,-126.48381968039752,0.5,0.5
0.14579948782920837,0.7497729659080505,-2.2075591039217386,-126.48381968039752,0.49999999999999994,0.5
0.1421036273241043,0.7447306513786316,-2.1990608739285915,-125.9969069684587,0.5,0.5
0.13828609883785248,0.7394325733184814,-2.1913061232480153,-125.55259248328548,0.5,0.5
0.13423945009708405,0.7337072491645813,-2.180830002521557,-124.95235497998989,0.49999999999999994,0.5
0.13070864975452423,0.7286095023155212,-2.1722693333265854,-124.46186476531037,0.5,0.5
0.1260606199502945,0.7217307090759277,-2.1577911236051874,-123.63232445336898,0.5,0.5
0.12269017100334167,0.7166162133216858,-2.1491553761135584,-123.13753256915795,0.5,0.5
0.11918758600950241,0.7111950516700745,-2.1396877747187095,-122.59507896712094,0.5,0.5
0.11512870341539383,0.704777717590332,-2.1298358589391877,-122.030605772836,0.5,0.5
0.11200134456157684,0.6997479796409607,-2.124312862320978,-121.71416137634756,0.5,0.5
0.11200134456157684,0.6997479796409607,-2.114152420618252,-121.13201094879264,0.5,0.5
0.10767311602830887,0.6926636099815369,-2.114152420618252,-121.13201094879264,0.5,0.5
0.10454810410737991,0.6874545216560364,-2.1081528632786717,-120.78826163428796,0.49999999999999994,0.5
0.10051131248474121,0.6806085109710693,-2.0989973656985326,-120.26369026360375,0.5,0.5
0.09750204533338547,0.675419270992279,-2.093625521468448,-119.95590626101819,0.5,0.5
0.09231965988874435,0.6662827730178833,-2.079899716560162,-119.16947556935347,0.5,0.5
0.09231965988874435,0.6662827730178833,-2.079899716560162,-119.16947556935347,0.5,0.5
0.08935888856649399,0.6609496474266052,-2.075294265746611,-118.90560267498189,0.5,0.5
0.08456403762102127,0.6521191000938416,-2.061180058243003,-118.09691815385328,0.5,0.5
0.08174803107976913,0.6467939019203186,-2.0532645685188613,-117.64339399988079,0.5,0.5
0.07782427966594696,0.639191746711731,-2.041276725874871,-116.9565412109132,0.5,0.5
0.07506154477596283,0.6337249875068665,-2.0361876842998914,-116.66496060690025,0.49999999999999994,0.5
0.07506154477596283,0.6337249875068665,-2.0361876842998914,-116.66496060690025,0.5,0.5
0.0689024031162262,0.6211844682693481,-2.0193300387328366,-115.69908866338059,0.5,0.5
0.0689024031162262,0.6211844682693481,-2.0193300387328366,-115.69908866338059,0.5,0.5
0.06628534942865372,0.6157025694847107,-2.0130682359068834,-115.34031378931039,0.5,0.5
0.06212349236011505,0.6067516803741455,-1.9989814409922524,-114.53319989383567,0.5,0.5
0.059663888067007065,0.6013082265853882,-1.9913911598625096,-114.09830881978363,0.49999999999999994,0.5
0.05589567869901657,0.5927624702453613,-1.9808003071816735,-113.4914976597269,0.5,0.5
0.05589567869901657,0.5927624702453613,-1.9808003071816735,-113.4914976597269,0.5,0.5
0.05044860020279884,0.5799516439437866,-1.9645067257236102,-112.55794420902726,0.5,0.5
0.05044860020279884,0.5799516439437866,-1.9645067257236102,-112.55794420902726,0.5,0.5
0.04813849553465843,0.5743334889411926,-1.9573083553784896,-112.14550796887971,0.5,0.5
0.045358773320913315,0.5674035549163818,-1.9472233994227925,-111.56768255604295,0.5,0.5
0.0431365929543972,0.5617228746414185,-1.9401292676789461,-111.16121874781076,0.5,0.5
0.03967975825071335,0.5526120066642761,-1.9267421754507656,-110.39419486318364,0.5,0.5
0.03967975825071335,0.5526120066642761,-1.9267421754507656,-110.39419486318364,0.5,0.5
0.03463150933384895,0.5386925339698792,-1.91160651895018,-109.52698562554035,0.49999999999999994,0.5
0.03463150933384895,0.5386925339698792,-1.91160651895018,-109.52698562554035,0.5,0.5
0.03266192600131035,0.5330801010131836,-1.9049937397573329,-109.14810128693827,0.5,0.5
0.03054475411772728,0.5269562005996704,-1.902319237695178,-108.99486360647776,0.5,0.5
0.028214430436491966,0.5200759768486023,-1.8924154156664614,-108.42741640318361,0.49999999999999994,0.5
0.026315787807106972,0.5143057703971863,-1.884942643867725,-107.99925811785162,0.5,0.5
0.02364145778119564,0.5059400200843811,-1.8754685108653741,-107.45643028227131,0.5,0.5
0.02186700515449047,0.5002363324165344,-1.8693547355013969,-107.10613675702436,0.5,0.5
0.019523650407791138,0.4924568831920624,-1.8573956937493186,-106.42093413760954,0.5,0.5
0.019523650407791138,0.4924568831920624,-1.8514309593878757,-106.0791800327822,0.5,0.5
0.01781672239303589,0.48660069704055786,-1.8514309593878757,-106.0791800327822,0.49999999999999994,0.5
0.014254320412874222,0.4738253951072693,-1.835234717190468,-105.15120371089904,0.49999999999999994,0.5
0.014254320412874222,0.4738253951072693,-1.835234717190468,-105.15120371089904,0.5,0.5
0.012689456343650818,0.46798205375671387,-1.8296835624742804,-104.83314597423735,0.5,0.5
0.010189158841967583,0.45832815766334534,-1.8187601909844269,-104.20728288981522,0.5,0.5
0.008686850778758526,0.45231175422668457,-1.812229943379457,-103.83312726287504,0.5,0.5
0.0067038945853710175,0.44404178857803345,-1.800032068299463,-103.13424050176357,0.5,0.5
0.005300345830619335,0.43794962763786316,-1.794431219154319,-102.81333548405736,0.5,0.5
0.005300345830619335,0.43794962763786316,-1.794431219154319,-102.81333548405736,0.49999999999999994,0.5
0.002382848644629121,0.42467471957206726,-1.7795261303011989,-101.95933679950609,0.5,0.5
0.002382848644629121,0.42467471957206726,-1.7795261303011989,-101.95933679950609,0.5,0.5
0.0011085228761658072,0.4185800850391388,-1.7743073820530288,-101.66032455054466,0.5,0.5
-0.0006746582803316414,0.4096960425376892,-1.7634559913703536,-101.03858566257978,0.5,0.5
-0.001905628014355898,0.4032314121723175,-1.754464144411849,-100.52339078182992,0.5,0.5
-0.0030640356708317995,0.3968305289745331,-1.7452060923362782,-99.99294347138739,0.5,0.5
-0.004349877126514912,0.38932129740715027,-1.7355669409735912,-99.44066078021764,0.49999999999999994,0.5
-0.005381200462579727,0.3829243779182434,-1.7257178076617465,-98.87634700958723,0.49999999999999994,0.5
-0.005381200462579727,0.3829243779182434,-1.7257178076617465,-98.87634700958723,0.5,0.5
-0.007291989866644144,0.36995354294776917,-1.709153540426759,-97.92728440629563,0.49999999999999994,0.5
-0.008162789978086948,0.3635072410106659,-1.7009841871026614,-97.45921493947365,0.5,0.5
-0.008162789978086948,0.3635072410106659,-1.7009841871026614,-97.45921493947365,0.5,0.5
-0.009708717465400696,0.3508957624435425,-1.6845798369759144,-96.51931491155615,0.5,0.5
-0.009708717465400696,0.3508957624435425,-1.6845798369759144,-96.51931491155615,0.5,0.5
-0.010402144864201546,0.34465712308883667,-1.678405308022408,-96.1655404620389,0.5,0.5
-0.011421606875956059,0.3346351981163025,-1.665936231407372,-95.45111499757208,0.49999999999999994,0.5
-0.012022405862808228,0.3280819058418274,-1.658503285318659,-95.02523855734054,0.5,0.5
-0.012022405862808228,0.3280819058418274,-1.658503285318659,-95.02523855734054,0.5,0.5
-0.012766682542860508,0.3192290961742401,-1.6508395512652747,-94.58613894077094,0.5,0.5
-0.013749893754720688,0.3058505952358246,-1.6366674902364167,-93.77413965681555,0.5,0.5
-0.013749893754720688,0.3058505952358246,-1.6366674902364167,-93.77413965681555,0.5,0.5
-0.014155595563352108,0.2993837594985962,-1.6302326370263065,-93.40544972609003,0.49999999999999994,0.5
-0.014524033293128014,0.2928386628627777,-1.623825550769259,-93.03835072458493,0.5,0.5
-0.014892584644258022,0.2853557765483856,-1.6161926327936111,-92.60101673921076,0.5,0.5
-0.015162291005253792,0.2788311839103699,-1.6080269561705045,-92.13315793183811,0.49999999999999994,0.5
-0.015457389876246452,0.2690657079219818,-1.5939846100563984,-91.3285907650379,0.5,0.5
-0.015457389876246452,0.2690657079219818,-1.5939846100563984,-91.3285907650379,0.5,0.5
-0.015573636628687382,0.2629416286945343,-1.5855672451841119,-90.84631128323421,0.5,0.5
-0.015646571293473244,0.2502864897251129,-1.5675516080672642,-89.8140913111996,0.5,0.5
-0.015598411671817303,0.24383243918418884,-1.5591175373442185,-89.33085465465425,0.49999999999999994,0.5
-0.015598411671817303,0.24383243918418884,-1.5591175373442185,-89.33085465465425,0.49999999999999994,0.5
-0.015499682165682316,0.23732833564281464,-1.5521180895356474,-88.92981583630102,0.5,0.5
-0.015312857925891876,0.2292817085981369,-1.5430473847468473,-88.41010273469367,0.5,0.5
-0.015101420693099499,0.222679004073143,-1.534521580165907,-87.92161011525248,0.5,0.5
-0.014835068956017494,0.2160782814025879,-1.5264108722780239,-87.45690078441332,0.49999999999999994,0.5
-0.014489570632576942,0.2091517597436905,-1.5155034087954988,-86.83194916167156,0.5,0.5
-0.01409897767007351,0.20255722105503082,-1.5077678413226363,-86.38873379333786,0.5,0.5
-0.013549000956118107,0.1945018619298935,-1.4974871320097292,-85.79969253930744,0.5,0.5
-0.013065174221992493,0.18826887011528015,-1.4891691078415314,-85.32310486058189,0.5,0.5
-0.013065174221992493,0.18826887011528015,-1.4891691078415314,-85.32310486058189,0.5,0.5
-0.01182736735790968,0.17447948455810547,-1.4733391164053764,-84.41611316156198,0.5,0.5
-0.011202547699213028,0.16836081445217133,-1.4647256177201984,-83.92259604005979,0.5,0.5
-0.011202547699213028,0.16836081445217133,-1.4647256177201984,-83.92259604005979,0.5,0.5
-0.009627013467252254,0.15470784902572632,-1.4469234202915433,-82.9026052613392,0.5,0.5
-0.009627013467252254,0.15470784902572632,-1.4469234202915433,-82.9026052613392,0.5,0.5
-0.008847678080201149,0.14860692620277405,-1.4405642823397877,-82.53825349536216,0.5,0.5
-0.007647409103810787,0.13988097012043,-1.4276407841856933,-81.79779159458742,0.5,0.5
-0.006768669933080673,0.13392145931720734,-1.421158343782819,-81.42637511855764,0.5,0.5
-0.005629776045680046,0.1265677809715271,-1.413127592676588,-80.9662469738506,0.5,0.5
-0.004681396763771772,0.12069586664438248,-1.4082087232206557,-80.68441651404986,0.5,0.5
-0.004681396763771772,0.12069586664438248,-1.4082087232206557,-80.68441651404986,0.5,0.5
-0.0024029971100389957,0.10750190913677216,-1.3917570407238948,-79.74180454109622,0.5,0.5
-0.001298878458328545,0.10150279104709625,-1.3858156295662916,-79.4013867574136,0.5,0.5
-0.001298878458328545,0.10150279104709625,-1.3858156295662916,-79.4013867574136,0.5,0.5
0.0006483609904535115,0.09151595830917358,-1.3706475779685874,-78.53232141742849,0.5,0.5
0.0019014764111489058,0.08546862006187439,-1.3622932495959803,-78.05365366101171,0.5,0.5
0.0042191483080387115,0.07488647848367691,-1.3480740206978394,-77.23895185721778,0.5,0.5
0.0042191483080387115,0.07488647848367691,-1.3480740206978394,-77.23895185721778,0.5,0.5
0.007434593513607979,0.06118613854050636,-1.3308412962504896,-76.25158947687272,0.49999999999999994,0.5
0.007434593513607979,0.06118613854050636,-1.3308412962504896,-76.25158947687272,0.5,0.5
0.008906279690563679,0.05526645854115486,-1.3234132258145557,-75.82599239096781,0.49999999999999994,0.5
0.010533669963479042,0.048968471586704254,-1.3124445263884654,-75.19753220710527,0.5,0.5
0.012344044633209705,0.04224758967757225,-1.3029071220259165,-74.65107918962156,0.5,0.5
0.013996545225381851,0.036323245614767075,-1.2946457449573454,-74.17773715062627,0.5,0.5
0.016776738688349724,0.02679893933236599,-1.2789192813339532,-73.27667715833988,0.5,0.5
0.016776738688349724,0.02679893933236599,-1.2789192813339532,-73.27667715833988,0.5,0.5
0.020895374938845634,0.013501456938683987,-1.2591739849734063,-72.14535501164552,0.5,0.5
0.020895374938845634,0.013501456938683987,-1.2591739849734063,-72.14535501164552,0.5,0.5
0.022759249433875084,0.00777311809360981,-1.2532715421588059,-71.8071699495516,0.5,0.5
0.027274681255221367,-0.005555398296564817,-1.2362479920309741,-70.83179237489745,0.5,0.5
0.027274681255221367,-0.005555398296564817,-1.2362479920309741,-70.83179237489745,0.5,0.5
0.02928597666323185,-0.011287328787147999,-1.2304040358496946,-70.49695835005075,0.5,0.5
0.03149395436048508,-0.01743287965655327,-1.2213513877549982,-69.97827982080749,0.5,0.5
0.03422778472304344,-0.02481452189385891,-1.2108563881289665,-69.37696063624449,0.49999999999999994,0.5
0.036405060440301895,-0.030539674684405327,-1.203917651666755,-68.97940032180624,0.5,0.5
0.03880124166607857,-0.036723021417856216,-1.1982687388725484,-68.65574145986075,0.5,0.5
0.04116401821374893,-0.04270200431346893,-1.1906342637179892,-68.21831825470701,0.5,0.5
0.043404944241046906,-0.04826634004712105,-1.1852427292071026,-67.90940608213408,0.5,0.5
0.04688176512718201,-0.05668877810239792,-1.1733587018667437,-67.22850147191345,0.5,0.5
0.04688176512718201,-0.05668877810239792,-1.1733587018667437,-67.22850147191345,0.5,0.5
0.049254000186920166,-0.062280990183353424,-1.165842910256613,-66.79787833295312,0.5,0.5
0.05479642376303673,-0.07482970505952835,-1.1443268326341867,-65.56509789351222,0.5,0.5
0.05479642376303673,-0.07482970505952835,-1.1443268326341867,-65.56509789351222,0.5,0.5
0.057330094277858734,-0.08035065233707428,-1.1367732259768102,-65.13230811194262,0.49999999999999994,0.5
0.0614163763821125,-0.08900155872106552,-1.1222464405926407,-64.29998461953738,0.5,0.5
0.06395938247442245,-0.09423820674419403,-1.1151946744561538,-63.89594818180341,0.5,0.5
0.06395938247442245,-0.09423820674419403,-1.1151946744561538,-63.89594818180341,0.49999999999999994,0.5
0.07019248604774475,-0.10679870843887329,-1.1023212230022217,-63.158353745726544,0.5,0.5
0.07301241904497147,-0.11232155561447144,-1.095098232386394,-62.74450686797702,0.5,0.5
0.07301241904497147,-0.11232155561447144,-1.095098232386394,-62.74450686797702,0.49999999999999994,0.5
0.07954884320497513,-0.12472682446241379,-1.0766582966674443,-61.68797637678866,0.5,0.5
0.07954884320497513,-0.12472682446241379,-1.0766582966674443,-61.68797637678866,0.5,0.5
0.08245550841093063,-0.1300896406173706,-1.0715678387938592,-61.3963146248431,0.5,0.5
0.08705956488847733,-0.13841865956783295,-1.0600845508592762,-60.73837069125799,0.49999999999999994,0.5
0.09010127931833267,-0.14379346370697021,-1.0515412559738844,-60.24887595118934,0.49999999999999994,0.5
0.09397131204605103,-0.15050233900547028,-1.043599606407631,-59.793852948671116,0.5,0.5
